,City,Cloudiness,Country,Date,Humidity,Lat,Lng,Max Temp,Wind Speed
0,ribeira grande,75,PT,1603747650,88,38.52,-28.7,294.15,8.2
1,lebu,100,CL,1603747650,72,-37.62,-73.65,285.53,4.03
2,ponta do sol,40,PT,1603747651,77,32.67,-17.1,292.15,5.7
3,avarua,100,CK,1603747652,69,-21.21,-159.78,297.15,6.2
4,cidreira,100,BR,1603747653,94,-30.18,-50.21,293.62,3.35
5,hobart,75,AU,1603747441,57,-42.88,147.33,284.82,3.1
6,mehamn,0,NO,1603747655,84,71.04,27.85,273.15,6.7
7,halalo,,,,,,,,
8,paita,61,PE,1603747658,75,-5.09,-81.11,293.45,6.89
9,srednekolymsk,0,RU,1603747659,90,67.45,153.68,258.75,2.9
10,dingle,100,PH,1603747659,91,11,122.67,297.47,2.61
11,chumikan,64,RU,1603747661,85,54.72,135.31,272.28,0.58
12,arinos,72,BR,1603747662,72,-15.92,-46.11,299.42,1.82
13,waipawa,100,NZ,1603747663,100,-41.41,175.52,284.15,9.8
14,tumannyy,,,,,,,,
15,katima mulilo,0,NA,1603747664,23,-17.5,24.27,302.15,3.6
16,punta arenas,20,CL,1603747494,43,-53.15,-70.92,284.15,9.3
17,ancud,20,CL,1603747666,71,-41.87,-73.82,284.82,5.1
18,fazilka,0,IN,1603747667,27,30.4,74.03,291.46,1.42
19,albany,100,US,1603747667,98,42.6,-73.97,282.59,1.34
20,galgani,,,,,,,,
21,mandurah,3,AU,1603747669,85,-32.55,115.7,289.26,2.62
22,jamestown,90,US,1603747670,93,42.1,-79.24,281.48,4.1
23,saskylakh,94,RU,1603747518,92,71.92,114.08,256.51,2.59
24,matola,75,MZ,1603747671,83,-25.96,32.46,297.15,4.6
25,vaitupu,,,,,,,,
26,puerto ayora,20,EC,1603747671,69,-0.74,-90.35,297.15,9.3
27,attawapiskat,,,,,,,,
28,kerki,,,,,,,,
29,barrow,75,US,1603747672,85,71.29,-156.79,266.15,2.6
30,tasiilaq,100,GL,1603747672,50,65.61,-37.64,274.15,9.8
31,nabire,4,ID,1603747672,87,-3.37,135.48,296.77,1.75
32,samusu,,,,,,,,
33,hermanus,85,ZA,1603747469,82,-34.42,19.23,290.93,3.13
34,mataura,95,NZ,1603747473,75,-46.19,168.86,284.26,1.34
35,tuktoyaktuk,40,CA,1603747675,85,69.45,-133.04,261.15,4.6
36,bengkulu,100,ID,1603747675,83,-3.8,102.27,296.81,1.54
37,marsh harbour,0,BS,1603747676,73,26.54,-77.06,301.39,3.52
38,tobol,100,KZ,1603747677,97,52.68,62.58,271.94,11.3
39,chakia,0,IN,1603747677,46,26.42,85.05,292.86,1.33
40,cherskiy,33,RU,1603747530,93,68.75,161.3,257.31,2.43
41,mountain home,20,US,1603747448,17,43.13,-115.69,280.15,8.7
42,kuche,,,,,,,,
43,aksu,10,CN,1603747681,53,41.12,80.26,279.83,1.52
44,sitka,100,US,1603747573,89,57.05,-135.33,282.15,4
45,maceio,0,BR,1603747588,83,-9.67,-35.74,299.15,5.7
46,sinnamary,1,GF,1603747685,78,5.38,-52.95,301.11,4.39
47,pevek,98,RU,1603747531,93,69.7,170.31,268.55,5.68
48,port blair,15,IN,1603747687,81,11.67,92.75,299.46,2.35
49,baiyin,90,CN,1603747687,86,36.56,104.21,277.04,2
50,cape town,0,ZA,1603747491,82,-33.93,18.42,292.59,1.5
51,mar del plata,0,AR,1603747468,58,-38,-57.56,288.15,4.1
52,airai,83,TL,1603747691,98,-8.93,125.41,289.09,0.92
53,pangnirtung,75,CA,1603747691,67,66.15,-65.71,267.15,4.1
54,hilo,90,US,1603747692,74,19.73,-155.09,300.15,2.6
55,freetown,75,SL,1603747510,74,8.48,-13.23,301.15,3.6
56,kulhudhuffushi,39,MV,1603747694,76,6.62,73.07,301.03,3.2
57,taolanaro,,,,,,,,
58,atuona,88,PF,1603747485,75,-9.8,-139.03,299.23,9.59
59,rikitea,100,PF,1603747697,84,-23.12,-134.97,297.24,8.47
60,bredasdorp,100,ZA,1603747698,88,-34.53,20.04,291.15,5.1
61,peniche,100,PT,1603747698,84,39.36,-9.38,285.93,2.94
62,ushuaia,40,AR,1603747700,50,-54.8,-68.3,284.15,6.2
63,karratha,29,AU,1603747701,68,-20.74,116.85,292.52,3.64
64,tiarei,75,PF,1603747702,70,-17.53,-149.33,302.15,5.7
65,illoqqortoormiut,,,,,,,,
66,new norfolk,100,AU,1603747704,61,-42.78,147.06,284.82,0.45
67,tacna,0,PE,1603747704,56,-18.01,-70.25,294.15,5.1
68,mys shmidta,,,,,,,,
69,saint-philippe,90,RE,1603747706,78,-21.36,55.77,295.15,2.1
70,neiafu,75,TO,1603747706,78,-18.65,-173.98,299.15,4.6
71,nelson,100,NZ,1603747707,89,-41.28,173.28,286.48,3.58
72,kapaa,40,US,1603747709,70,22.08,-159.32,302.59,2.6
73,mogadishu,88,SO,1603747709,84,2.04,45.34,299.71,4.08
74,bridlington,64,GB,1603747710,81,54.08,-0.19,282.15,5.1
75,cap malheureux,0,MU,1603747710,75,-19.98,57.61,295.93,2.68
76,butaritari,100,KI,1603747711,66,3.07,172.79,300.68,3.49
77,port alfred,90,ZA,1603747469,83,-33.59,26.89,291.95,12.21
78,vaini,75,TO,1603747713,78,-21.2,-175.2,298.15,4.1
79,alyangula,40,AU,1603747714,100,-13.85,136.42,298.15,2.42
80,ulaangom,65,MN,1603747715,88,49.98,92.07,268.51,0.96
81,zaysan,8,KZ,1603747717,70,47.47,84.87,275.98,1.17
82,souillac,75,MU,1603747717,78,-20.52,57.52,295.15,4.1
83,atasu,79,KZ,1603747719,68,48.68,71.64,280.73,8.52
84,mahebourg,75,MU,1603747720,78,-20.41,57.7,295.15,4.1
85,broome,90,US,1603747721,93,42.25,-75.83,287.04,4.1
86,miri,40,MY,1603747722,94,4.41,114.01,297.15,6.2
87,hamilton,90,US,1603747351,76,39.18,-84.53,284.15,3.6
88,praya,40,CV,1603747725,83,14.92,-23.51,299.15,7.2
89,labuhan,63,ID,1603747498,86,-6.88,112.21,298.93,4.86
90,corn island,100,NI,1603747727,71,12.17,-83.04,301.77,2.92
91,vestmannaeyjar,100,IS,1603747515,76,63.44,-20.27,279.39,11.58
92,luderitz,0,NA,1603747729,69,-26.65,15.16,290.08,5.4
93,mount gambier,98,AU,1603747544,87,-37.83,140.77,282.15,4.1
94,codrington,71,AU,1603747731,80,-38.27,141.97,283.07,5.55
95,klaksvik,18,FO,1603747733,80,62.23,-6.59,277.15,1.5
96,thompson,75,CA,1603747734,46,55.74,-97.86,272.15,3.6
97,alekseyevsk,93,RU,1603747735,95,57.84,108.35,266.27,0.88
98,severo-kurilsk,96,RU,1603747736,85,50.68,156.12,279.4,1.66
99,bur gabo,,,,,,,,
100,henties bay,0,NA,1603747738,92,-22.12,14.28,286.48,2.48
101,kamenka,42,RU,1603747473,79,51.32,42.77,279.4,3.07
102,college,90,US,1603747740,92,64.86,-147.8,272.15,4.1
103,kodiak,1,US,1603747741,50,57.79,-152.41,284.15,9.3
104,arlit,0,NE,1603747743,15,18.74,7.39,299.95,4.44
105,vao,7,NC,1603747743,83,-22.67,167.48,296.15,8.85
106,vila velha,0,BR,1603747730,73,-20.33,-40.29,297.15,6.7
107,erenhot,0,CN,1603747498,77,43.65,111.98,272.35,3.31
108,umm kaddadah,0,SD,1603747486,21,13.6,26.69,301.75,6.6
109,amderma,,,,,,,,
110,baihar,12,IN,1603747748,68,22.1,80.55,292.45,0.55
111,kloulklubed,75,PW,1603747749,94,7.04,134.26,297.15,2.66
112,xuzhou,96,CN,1603747750,58,34.18,117.16,289.2,1.87
113,east london,100,ZA,1603747750,87,-33.02,27.91,292.02,9.4
114,pimentel,0,PE,1603747751,64,-6.84,-79.93,295.15,9.3
115,aswan,0,EG,1603747584,28,24.09,32.91,299.65,5.14
116,solnechnyy,0,RU,1603747751,85,50.72,136.63,273.37,1.25
117,saint george,1,US,1603747752,11,37.1,-113.58,283.71,13.4
118,puerto carreno,90,CO,1603747752,72,6.19,-67.49,303.59,2.98
119,kilmez,,,,,,,,
120,kajaani,90,FI,1603747752,93,64.23,27.73,282.15,4.1
121,ilulissat,100,GL,1603747752,73,69.22,-51.1,266.15,1.5
122,khandyga,99,RU,1603747753,86,62.67,135.6,263.17,0.95
123,hithadhoo,45,MV,1603747753,66,-0.6,73.08,301.58,3.3
124,esmeraldas,0,BR,1603747754,50,-19.76,-44.31,301.15,2.6
125,nikolskoye,90,RU,1603747755,87,59.7,30.79,282.15,3
126,susangerd,0,IR,1603747756,45,31.56,48.18,293.15,2.1
127,bluff,75,NZ,1603747471,75,-46.6,168.33,284.26,1.34
128,yellowknife,75,CA,1603747758,62,62.46,-114.35,269.15,2.6
129,makhachkala,40,RU,1603747488,87,42.98,47.5,289.15,4
130,tsihombe,,,,,,,,
131,soma,0,TR,1603747760,82,39.19,27.61,287.15,1.38
132,golden,75,US,1603747761,61,39.76,-105.22,266.48,2.1
133,busselton,48,AU,1603747762,82,-33.65,115.33,286.48,4.17
134,manaus,75,BR,1603747763,79,-3.1,-60.02,302.15,2.6
135,nichinan,20,JP,1603747764,100,31.6,131.37,285.15,3.6
136,sarangani,100,PH,1603747765,72,5.4,125.46,301.56,1.53
137,bambous virieux,75,MU,1603747765,78,-20.34,57.76,295.93,4.1
138,carnarvon,0,AU,1603747766,82,-24.87,113.63,293.15,8.2
139,victoria,83,HK,1603747648,79,22.29,114.16,297.04,0.45
140,baghdad,0,IQ,1603747648,34,33.34,44.4,293.15,2.6
141,makkaveyevo,0,RU,1603747767,73,51.75,113.95,266.15,2
142,suntar,100,RU,1603747767,90,62.14,117.63,263.67,1.28
143,biu,35,NG,1603747767,34,10.61,12.19,296.39,2.74
144,cabo san lucas,5,MX,1603747515,51,22.89,-109.91,305.15,7.7
145,meulaboh,99,ID,1603747768,87,4.14,96.13,297.77,2.03
146,bubaque,0,GW,1603747768,82,11.28,-15.83,301.49,5.68
147,tessalit,0,ML,1603747768,15,20.2,1.01,300.32,4.11
148,luanda,75,AO,1603747501,83,-8.84,13.23,298.15,3.1
149,manicore,0,BR,1603747769,62,-5.81,-61.3,304.15,1.5
150,svetlyy,40,RU,1603747769,93,54.67,20.13,285.15,3
151,fortuna,20,US,1603747771,24,40.6,-124.16,295.37,5.7
152,omsukchan,100,RU,1603747773,94,62.53,155.8,264.11,3.18
153,formoso do araguaia,,,,,,,,
154,longhua,83,CN,1603747775,71,23.61,114.19,293.04,1.19
155,praia da vitoria,40,PT,1603747776,77,38.73,-27.07,294.15,4.5
156,camocim,0,BR,1603747777,76,-2.9,-40.84,300.08,7.69
157,grand river south east,,,,,,,,
158,alfredo baquerizo moreno,90,EC,1603747779,58,-1.92,-79.52,302.15,1.5
159,vaitape,81,PF,1603747780,76,-16.52,-151.75,300.34,7.21
160,castro,96,BR,1603747499,76,-24.79,-50.01,294.11,2.41
161,susanville,1,US,1603747783,16,40.42,-120.65,280.93,2.1
162,sao borja,62,BR,1603747680,74,-28.66,-56,293.61,5.38
163,nizhneyansk,,,,,,,,
164,arraial do cabo,20,BR,1603747786,78,-22.97,-42.03,297.15,2.6
165,sistranda,0,NO,1603747787,81,63.73,8.83,279.15,4.1
166,kavieng,96,PG,1603747787,67,-2.57,150.8,301.76,2.83
167,khatanga,84,RU,1603747788,94,71.97,102.5,256.52,4.09
168,lata,96,PT,1603747790,86,40.16,-8.33,284.26,0.7
169,vila franca do campo,20,PT,1603747791,82,37.72,-25.43,293.15,7.7
170,walvis bay,0,NA,1603747791,87,-22.96,14.51,287.15,3.6
171,napoleon,90,US,1603747791,61,41.39,-84.13,282.15,3.1
172,berezna,100,UA,1603747791,78,51.57,31.78,281.94,4.49
173,bandarbeyla,54,SO,1603747791,78,9.49,50.81,297.68,6.72
174,dubbo,8,AU,1603747678,76,-32.25,148.62,287.15,5.7
175,saint-augustin,95,CA,1603747792,71,51.23,-58.65,274.67,4.33
176,san ramon,1,US,1603747792,4,37.78,-121.98,295.93,4.1
177,georgetown,20,MY,1603747500,94,5.41,100.34,297.15,2.03
178,upernavik,99,GL,1603747792,81,72.79,-56.15,265.22,2.28
179,provideniya,90,RU,1603747545,74,64.38,-173.3,272.15,0.57
180,isangel,18,VU,1603747793,72,-19.55,169.27,298.26,6.14
181,okhotsk,0,RU,1603747794,79,59.38,143.3,271.01,7.38
182,manokwari,0,ID,1603747795,73,-0.87,134.08,299.38,2.26
183,dong xoai,100,VN,1603747796,92,11.53,106.92,295.75,1.6
184,chokurdakh,100,RU,1603747797,95,70.63,147.92,259.59,5.45
185,acarau,0,BR,1603747797,79,-2.89,-40.12,299.55,6.5
186,uromi,86,NG,1603747798,99,6.7,6.33,295.23,1.54
187,nanortalik,99,GL,1603747544,89,60.14,-45.24,274.31,4.92
188,winnemucca,1,US,1603747799,13,40.97,-117.74,279.15,2.6
189,samarai,93,PG,1603747799,83,-10.62,150.67,300.6,4.47
190,winton,1,US,1603747736,13,37.39,-120.61,294.15,2.6
191,salalah,0,OM,1603747517,61,17.02,54.09,298.15,2.6
192,kolokani,7,ML,1603747800,15,13.57,-8.03,299.42,3.25
193,dikson,99,RU,1603747800,95,73.51,80.55,261.76,6.95
194,mahadday weyne,,,,,,,,
195,talnakh,40,RU,1603747800,84,69.49,88.4,256.15,1.27
196,padang,99,ID,1603747801,71,-0.95,100.35,298.77,1.37
197,port elizabeth,99,ZA,1603747529,93,-33.92,25.57,291.15,7.7
198,plettenberg bay,14,ZA,1603747802,84,-34.05,23.37,290.53,2.55
199,trelew,100,AR,1603747756,26,-43.25,-65.31,295.56,9.94
200,saint anthony,40,US,1603747804,50,45.02,-93.22,273.15,3.1
201,sao joao da barra,75,BR,1603747805,94,-21.64,-41.05,296.15,1
202,cavalcante,94,BR,1603747805,65,-13.8,-47.46,297.83,1.52
203,kuhestan,,,,,,,,
204,yar-sale,63,RU,1603747806,95,66.83,70.83,259.45,3.01
205,deputatskiy,78,RU,1603747807,88,69.3,139.9,255.12,0.81
206,krasnaya zarya,98,RU,1603747810,86,52.78,37.68,280.21,3.17
207,zachagansk,,,,,,,,
208,makokou,100,GA,1603747812,98,0.57,12.86,294.7,1.02
209,seymchan,0,RU,1603747813,93,62.88,152.43,263.45,2.26
210,lorengau,100,PG,1603747814,80,-2.02,147.27,300.35,2.55
211,yaan,92,NG,1603747816,84,7.38,8.57,297.75,2.35
212,faanui,60,PF,1603747816,77,-16.48,-151.75,300,7.51
213,pachino,0,IT,1603747817,93,36.72,15.09,287.15,2.1
214,mahuva,0,IN,1603747818,49,21.09,71.76,299.45,3.95
215,santiago de cao,75,PE,1603747819,82,-7.96,-79.24,291.15,6.2
216,kaitangata,96,NZ,1603747819,66,-46.28,169.85,285.37,2.24
217,todos santos,0,MX,1603747821,67,23.45,-110.22,299.26,3.58
218,tura,0,IN,1603747823,91,25.52,90.22,293.64,1.32
219,narsaq,95,GL,1603747559,28,60.92,-46.05,279.15,6.7
220,barentsburg,,,,,,,,
221,dengfeng,92,CN,1603747826,99,34.46,113.03,291.48,0.92
222,ngukurr,,,,,,,,
223,san miguelito,20,PA,1603747827,70,9.03,-79.5,303.15,2.6
224,qaanaaq,73,GL,1603747828,74,77.48,-69.36,259.56,4.27
225,pisco,0,PE,1603747829,60,-13.7,-76.22,295.15,7.7
226,maumere,78,ID,1603747830,79,-8.62,122.21,299.72,2.46
227,klin,0,RU,1603747831,70,56.33,36.73,279.15,2
228,sentyabrskiy,,,,,,,,
229,manuk mangkaw,100,PH,1603747833,74,4.8,119.85,301.51,8.32
230,cuiluan,80,CN,1603747834,83,47.72,128.65,275.39,1.49
231,alice springs,0,AU,1603747835,35,-23.7,133.88,287.15,2.6
232,maua,75,BR,1603747836,77,-23.67,-46.46,295.15,3.1
233,bethel,90,US,1603747837,93,41.37,-73.41,285.15,1.1
234,tuatapere,91,NZ,1603747838,77,-46.13,167.68,284.26,1.79
235,saint-leu,90,RE,1603747838,78,-21.15,55.28,295.15,2.1
236,tiksi,99,RU,1603747839,94,71.69,128.87,258.91,3.23
237,dubai,0,AE,1603747620,34,25.26,55.3,299.15,1.5
238,port hardy,90,CA,1603747842,100,50.7,-127.42,280.15,3.6
239,kemijarvi,100,FI,1603747844,96,66.71,27.43,278.07,3.65
240,saldanha,12,ZA,1603747845,87,-33.01,17.94,288.15,2.1
241,juneau,90,US,1603747846,93,58.3,-134.42,282.15,3.1
242,los llanos de aridane,20,ES,1603747847,64,28.66,-17.92,294.15,4.6
243,pekalongan,100,ID,1603747847,81,-6.89,109.68,290.37,0.77
244,bokspits,,,,,,,,
245,inhambane,0,MZ,1603747849,89,-23.86,35.38,295.81,2.62
246,hofn,6,IS,1603747561,77,64.25,-15.21,275.96,5.18
247,kiruna,29,SE,1603747851,100,67.86,20.23,270.15,1.5
248,moose factory,90,CA,1603747852,54,51.26,-80.61,272.15,4.1
249,gewane,34,ET,1603747853,31,10.17,40.65,297.66,1.37
250,fujin,100,CN,1603747854,81,47.26,132.03,276.08,2.99
251,port lincoln,9,AU,1603747855,83,-34.73,135.87,287.13,4.62
252,omboue,80,GA,1603747856,89,-1.57,9.26,297.76,3.1
253,haibowan,,,,,,,,
254,guerrero negro,2,MX,1603747859,37,27.98,-114.06,297,8.01
255,guangyuan,100,CN,1603747860,83,32.44,105.82,288.15,4.47
256,belushya guba,,,,,,,,
257,clyde river,9,CA,1603747862,86,70.47,-68.59,261.4,2.1
258,warwick,90,US,1603747607,93,41.7,-71.42,285.37,2.1
259,luganville,75,VU,1603747862,88,-15.53,167.17,298.15,3.1
260,udachnyy,90,RU,1603747863,91,66.42,112.4,252.15,1
261,tizimin,100,MX,1603747614,86,21.15,-88.15,301.33,4.56
262,cluny,0,FR,1603747863,94,46.43,4.66,280.37,2.07
263,rawson,100,AR,1603747849,33,-43.3,-65.1,293.17,7.78
264,maniitsoq,1,GL,1603747864,88,65.42,-52.9,270.78,6.08
265,cabedelo,20,BR,1603747581,78,-6.98,-34.83,300.15,4.1
266,ayr,20,GB,1603747864,81,55.46,-4.63,283.15,8.2
267,nikolayevka,0,RU,1603747864,96,53.13,47.2,272.16,2
268,half moon bay,1,US,1603747647,7,37.46,-122.43,296.15,6.2
269,weligama,69,LK,1603747865,90,5.97,80.42,298.39,3.14
270,stornoway,40,GB,1603747865,93,58.21,-6.39,281.15,4.6
271,meyungs,,,,,,,,
272,port hedland,90,AU,1603747865,94,-20.32,118.57,294.15,1.5
273,alofi,75,NU,1603747866,78,-19.06,-169.92,298.15,6.7
274,iralaya,100,HN,1603747866,80,15,-83.23,301.13,0.78
275,vuktyl,27,RU,1603747866,96,63.86,57.31,262.68,0.74
276,bull savanna,99,JM,1603747866,86,17.89,-77.59,299.24,5.83
277,baykit,82,RU,1603747866,93,61.67,96.37,264.12,1.56
278,boende,100,CD,1603747867,94,-0.22,20.87,295.02,0.65
279,osa,98,RU,1603747867,91,57.28,55.46,270.54,6.36
280,guarapari,0,BR,1603747589,73,-20.67,-40.5,297.15,6.7
281,lavrentiya,10,RU,1603747869,91,65.58,-171,272.82,2.55
282,shimoda,11,JP,1603747869,82,34.67,138.95,285.93,1.34
283,umm lajj,0,SA,1603747869,52,25.02,37.27,299.89,1.73
284,brazzaville,100,CG,1603747869,78,-4.27,15.28,297.65,0.88
285,atambua,85,ID,1603747870,81,-9.11,124.89,297.82,1.17
286,rocha,100,UY,1603747870,66,-34.48,-54.33,286.47,6.88
287,kwinana,40,AU,1603747850,100,-32.25,115.77,289.82,3.1
288,mabaruma,96,GY,1603747870,91,8.2,-59.78,298.25,1.59
289,pontes e lacerda,71,BR,1603747871,82,-15.23,-59.34,298.17,3.57
290,puerto gaitan,78,CO,1603747871,70,4.31,-72.08,302.82,2.97
291,marcona,,,,,,,,
292,avera,90,US,1603747873,94,33.19,-82.53,294.15,3.1
293,laguna,1,US,1603747874,7,38.42,-121.42,295.93,7.7
294,khuzhir,22,RU,1603747875,80,53.19,107.34,270.83,1.45
295,buta,73,CD,1603747876,95,2.79,24.73,294.03,0.57
296,aklavik,75,CA,1603747877,85,68.22,-135.01,262.15,2.6
297,jeremie,98,HT,1603747877,76,18.65,-74.12,301.36,2.91
298,malchevskaya,100,RU,1603747878,63,49.06,40.36,280.71,4.4
299,virginia beach,90,US,1603747682,88,36.85,-75.98,291.48,3.1
300,kabanjahe,40,ID,1603747805,100,3.1,98.49,298.15,1.64
301,palabuhanratu,,,,,,,,
302,mount isa,75,AU,1603747850,19,-20.73,139.5,294.15,4.1
303,tawzar,,,,,,,,
304,bayshore gardens,75,US,1603747839,70,27.43,-82.59,304.26,2.1
305,vredendal,5,ZA,1603747886,84,-31.67,18.5,288,2.33
306,kieta,63,PG,1603747887,67,-6.22,155.63,301.76,1.09
307,ocampo,38,MX,1603747887,17,21.65,-101.5,297.47,3.56
308,acajutla,40,SV,1603747888,69,13.59,-89.83,300.15,2.1
309,kirakira,77,SB,1603747888,72,-10.45,161.92,302.22,2.04
310,katsuura,40,JP,1603747889,63,35.13,140.3,289.15,5.1
311,puerto leguizamo,87,CO,1603747889,64,-0.19,-74.78,303.86,0.98
312,saleaula,,,,,,,,
313,micheweni,0,TZ,1603747889,81,-4.97,39.83,298.28,2.66
314,manta,20,EC,1603747805,78,-0.95,-80.73,298.15,5.7
315,launceston,37,AU,1603747890,66,-41.45,147.17,286.48,7.2
316,riyadh,0,SA,1603747680,37,24.69,46.72,292.15,2.56
317,huarmey,100,PE,1603747890,71,-10.07,-78.15,293.41,4.8
318,raja sansi,0,IN,1603747890,82,31.72,74.8,289.15,0.7
319,constitucion,60,CL,1603747891,67,-35.33,-72.42,286.43,6.71
320,serdobsk,0,RU,1603747891,84,52.46,44.22,275.62,2.92
321,palu,100,ID,1603747891,80,-0.89,119.87,297.44,1.25
322,ashington,0,GB,1603747891,3,50.93,-0.39,282.59,5.21
323,otane,79,NZ,1603747704,82,-39.88,176.63,288.93,0.54
324,lubango,1,AO,1603747892,72,-14.92,13.49,290.28,1.54
325,penzance,60,GB,1603747892,76,50.12,-5.54,284.15,5.1
326,severnoye,100,RU,1603747892,93,56.35,78.36,278.65,4.74
327,bertea,0,RO,1603747893,80,45.23,25.87,280.93,1.58
328,iqaluit,75,CA,1603747846,78,63.75,-68.51,263.15,2.1
329,cayenne,0,GF,1603747893,78,4.93,-52.33,301.15,1.5
330,troitskoye,100,RU,1603747895,81,52.98,84.68,275.91,3.47
331,chapais,90,CA,1603747895,92,49.78,-74.85,272.15,3.1
332,upington,26,ZA,1603747895,20,-28.45,21.26,301.15,2.6
333,kalbay,95,PH,1603747896,70,5.72,125.5,299.65,1.37
334,cumana,49,VE,1603747896,41,10.46,-64.18,309.15,4.1
335,rovnoye,0,RU,1603747896,74,50.78,46.05,278.04,5.11
336,littleton,100,US,1603747897,64,39.61,-105.02,267.04,1.23
337,bukama,84,CD,1603747897,81,-9.2,25.85,296.41,0.39
338,chenzhou,63,CN,1603747897,90,25.8,113.03,288.47,1.08
339,maimon,,,,,,,,
340,yulara,0,AU,1603747898,33,-25.24,130.99,288.15,3.6
341,sturgeon bay,75,US,1603747884,59,44.83,-87.38,276.15,4.6
342,gannan,0,CN,1603747898,85,47.91,123.5,273.77,4.23
343,nome,40,US,1603747898,69,64.5,-165.41,275.37,3.6
344,valparaiso,0,CL,1603747687,45,-33.04,-71.63,294.15,6.2
345,grindavik,75,IS,1603747899,75,63.84,-22.43,278.15,10.8
346,beira,20,MZ,1603747899,88,-19.84,34.84,298.15,5.1
347,kavaratti,81,IN,1603747900,72,10.57,72.64,300.98,2.99
348,torbay,75,CA,1603747901,64,47.67,-52.73,275.93,3.1
349,shahr-e kord,0,IR,1603747902,29,32.33,50.86,276.15,1
350,lumby,91,CA,1603747738,86,50.25,-118.97,273.71,1.01
351,medicine hat,75,CA,1603747609,59,50.05,-110.67,276.15,5.1
352,abu samrah,0,SY,1603747906,23,35.3,37.18,293.98,4.9
353,urucara,86,BR,1603747906,61,-2.54,-57.76,302.99,0.47
354,algiers,40,DZ,1603747907,93,36.75,3.04,286.15,1.5
355,muroto,40,JP,1603747907,93,33.28,134.15,285.15,4.1
356,belmonte,75,BR,1603747907,83,-15.86,-38.88,299.15,4.1
357,ambulu,68,ID,1603747908,88,-8.35,113.61,297.66,0.77
358,yanan,,,,,,,,
359,sambava,4,MG,1603747911,85,-14.27,50.17,294.87,3.48
360,stettler,99,CA,1603747911,71,52.32,-112.72,275.93,1.79
361,vanderhoof,100,CA,1603747802,95,54.02,-124.02,278.07,1
362,bairiki,75,KI,1603747911,69,1.33,172.98,301.15,4.6
363,la ronge,20,CA,1603747912,50,55.1,-105.28,272.15,6.7
364,esil,100,KZ,1603747912,90,51.96,66.4,273.83,9.57
365,sofiysk,,,,,,,,
366,hailar,3,CN,1603747912,92,49.2,119.7,269.39,7.94
367,kysyl-syr,99,RU,1603747912,93,63.9,122.76,259.83,2.82
368,ostrovnoy,100,RU,1603747913,94,68.05,39.51,278.04,13.02
369,urubicha,100,BO,1603747913,96,-15.38,-62.95,294.93,1.76
370,yarada,40,IN,1603747913,88,17.65,83.27,300.15,1
371,lasa,90,IT,1603747619,100,46.62,10.7,282.59,2.6
372,fuerte,100,PH,1603747915,73,17.54,120.36,300.88,2.58
373,outjo,66,NA,1603747915,36,-20.12,16.15,298.23,10.47
374,tuy hoa,100,VN,1603747915,89,13.08,109.3,297.04,2.99
375,burgeo,86,CA,1603747916,75,47.62,-57.62,276.74,4.27
376,taoudenni,5,ML,1603747916,19,22.68,-3.98,303.52,3.84
377,tungkang,,,,,,,,
378,ketchikan,90,US,1603747671,100,55.34,-131.65,284.15,3.6
379,uyskoye,100,RU,1603747916,90,54.38,60,271.62,12.81
380,kamenskoye,,,,,,,,
381,prince rupert,90,CA,1603747917,100,54.32,-130.32,283.15,8.7
382,dhidhdhoo,2,MV,1603747739,74,6.88,73.1,301,3.28
383,kipini,20,KE,1603747918,88,-2.53,40.53,298.15,4.94
384,ekhabi,95,RU,1603747919,86,53.51,142.97,276.78,3.99
385,doha,0,QA,1603747919,69,25.29,51.53,299.26,1
386,cantagallo,49,CO,1603747919,74,7.38,-73.92,302.56,0.84
387,tateyama,40,JP,1603747920,63,34.98,139.87,289.15,5.1
388,rosetown,84,CA,1603747920,40,51.55,-108,276.48,4.92
389,beloha,0,MG,1603747920,91,-25.17,45.05,291.89,1.62
390,san jose,20,US,1603747811,6,37.34,-121.89,296.48,3.6
391,vardo,40,NO,1603747920,93,70.37,31.11,275.15,15.9
392,da nang,75,VN,1603747921,88,16.07,108.22,298.15,3.1
393,hasaki,75,JP,1603747921,93,35.73,140.83,285.37,3.1
394,dianopolis,,,,,,,,
395,amazar,100,RU,1603747922,95,53.86,120.88,270.44,5.23
396,faya,0,SA,1603747923,19,18.39,42.45,290.15,1.5
397,mangan,3,IN,1603747923,45,27.52,88.53,290.02,2.9
398,tres lagoas,100,BR,1603747923,87,-20.75,-51.68,295.08,1.71
399,rubiataba,100,BR,1603747924,84,-15.16,-49.8,297.15,1.61
400,adrar,7,MR,1603747924,13,20.5,-10.07,304,2.29
401,zabol,0,AF,1603747924,50,32.25,67.25,278.12,1.97
402,fairbanks,90,US,1603747801,92,64.84,-147.72,272.59,1.99
403,luancheng,66,CN,1603747924,100,37.88,114.65,279.15,1
404,nantucket,90,US,1603747761,82,41.28,-70.1,288.15,5.1
405,hirara,61,JP,1603747925,71,24.8,125.28,297.89,7.57
406,rialma,100,BR,1603747926,85,-15.31,-49.58,297.1,1.41
407,kilindoni,2,TZ,1603747927,82,-7.91,39.67,299.01,4.41
408,pathein,9,MM,1603747928,90,16.78,94.73,297.39,1.95
409,longyearbyen,75,SJ,1603747929,73,78.22,15.64,270.15,4.1
410,husavik,90,IS,1603747929,74,66.04,-17.34,275.15,2.05
411,panaba,100,MX,1603747929,88,21.28,-88.27,300.15,6.03
412,luziania,75,BR,1603747656,83,-16.25,-47.95,296.15,3.6
413,cochrane,40,CA,1603747932,59,51.18,-114.47,276.48,3.1
414,birao,85,CF,1603747933,45,10.28,22.79,297.62,1.28
415,emerald,75,AU,1603747933,52,-23.53,148.17,294.15,2.6
416,mantua,100,IT,1603747935,96,45.17,10.78,287.59,2.68
417,namatanai,39,PG,1603747935,66,-3.67,152.43,301.82,2.39
418,alexandria,40,EG,1603747760,73,31.22,29.96,297.15,4.1
419,fort nelson,90,CA,1603747802,86,58.81,-122.7,273.15,2.1
420,marmaron,,,,,,,,
421,wajir,90,KE,1603747939,59,1.75,40.06,300.72,8.15
422,uvat,100,RU,1603747940,98,59.14,68.9,272.88,7.96
423,nanning,75,CN,1603747940,83,22.82,108.32,295.15,2
424,nouadhibou,0,MR,1603747941,64,20.93,-17.03,297.15,7.7
425,lagoa,100,PT,1603747941,91,39.05,-27.98,293.22,10.62
426,atar,3,MR,1603747941,14,20.52,-13.05,304.85,2.84
427,vanimo,20,PG,1603747941,69,-2.67,141.3,300.19,0.5
428,ahipara,22,NZ,1603747942,72,-35.17,173.17,293.49,2.3
429,kasongo-lunda,78,CD,1603747942,85,-6.47,16.82,294.39,0.27
430,nizhnyaya omka,100,RU,1603747942,79,55.43,74.94,280.14,7.28
431,thanatpin,75,MM,1603747943,94,17.21,96.3,299.15,1.5
432,leningradskiy,100,RU,1603747943,98,69.38,178.42,270.36,5.04
433,naze,2,JP,1603747943,88,28.37,129.48,290.15,1.5
434,chongoyape,0,PE,1603747943,64,-6.64,-79.39,295.15,9.3
435,shibarghan,,,,,,,,
436,margate,53,GB,1603747944,66,51.38,1.39,283.71,2.68
437,san isidro,40,PE,1603747944,72,-12.12,-77.05,293.15,6.2
438,kudahuvadhoo,6,MV,1603747944,76,2.67,72.89,301,3.67
439,vanavara,99,RU,1603747944,94,60.34,102.28,268,1.81
440,meiktila,54,MM,1603747945,94,20.87,95.87,296.41,1.08
441,nizwa,0,OM,1603747945,56,22.93,57.53,290.24,0.73
442,esperance,0,AU,1603747945,93,-33.87,121.9,285.15,2.6
443,poronaysk,50,RU,1603747945,81,49.22,143.12,276.73,2.89
444,hunza,,,,,,,,
445,bontang,85,ID,1603747946,88,0.13,117.5,297.53,3.55
446,acapulco,90,MX,1603747668,79,16.86,-99.89,303.15,3.1
447,hobyo,33,SO,1603747947,80,5.35,48.53,299.27,1.95
448,grand centre,,,,,,,,
449,camacha,40,PT,1603747948,68,33.08,-16.33,292.15,3.1
450,tayu,92,ID,1603747948,83,-6.54,111.05,298.65,2.9
451,sao filipe,100,CV,1603747948,76,14.9,-24.5,300.35,4.35
452,kencong,71,ID,1603747949,89,-8.28,113.37,297.53,0.43
453,aginskoye,0,RU,1603747949,85,51.1,114.53,267.64,7.15
454,qandala,12,SO,1603747949,54,11.47,49.87,297.45,2.31
455,bilibino,99,RU,1603747949,93,68.05,166.44,258.53,1.3
456,thibodaux,12,US,1603747950,70,29.8,-90.82,300.37,2.24
457,lompoc,1,US,1603747950,37,34.64,-120.46,295.15,5.7
458,port keats,82,AU,1603747950,87,-14.25,129.55,297.31,3.22
459,razdolinsk,97,RU,1603747950,98,58.42,94.67,268.66,2.18
460,clarence town,90,AU,1603747950,100,-32.58,151.78,289.26,3.6
461,beihai,25,CN,1603747951,81,21.48,109.1,295.16,5.76
462,kushiro,20,JP,1603747951,83,42.98,144.37,280.59,2.44
463,bocaiuva,40,BR,1603747951,58,-17.11,-43.81,302.15,2.1
464,ledyard,90,US,1603747653,87,41.44,-72.01,286.15,3.1
465,beian,0,NO,1603747952,81,63.66,9.57,279.15,4.1
466,ondangwa,74,NA,1603747952,16,-17.92,15.95,304.15,1.5
467,gamba,100,GA,1603747952,88,-2.65,10,297.72,3
468,garissa,19,KE,1603747952,65,-0.45,39.64,298.93,6.88
469,baran,0,IN,1603747952,33,25.1,76.52,294.38,0.86
470,kolpashevo,100,RU,1603747953,96,58.31,82.91,274.13,5.17
471,gravdal,75,NO,1603747953,93,68.12,13.5,280.15,8.7
472,quincy,100,US,1603747839,87,42.25,-71,285.93,1.5
473,bowen,90,AU,1603747954,94,-20.02,148.23,295.15,1.5
474,verkh-usugli,0,RU,1603747955,86,52.7,115.17,266.23,2.32
475,denpasar,20,ID,1603747818,88,-8.65,115.22,299.15,1
476,waitati,69,NZ,1603747955,87,-45.75,170.57,281.48,4.02
477,chuy,100,UY,1603747955,90,-33.7,-53.46,287.58,5.6
478,lianga,100,PH,1603747956,90,8.63,126.09,297.2,0.78
479,nguru,32,NG,1603747956,20,12.88,10.45,300.5,4.08
480,nadym,0,RU,1603747956,94,65.53,72.52,259.02,4.15
481,itimadpur,0,IN,1603747956,24,27.25,78.2,295.49,1.64
482,keflavik,75,IS,1603747956,75,64,-22.56,278.15,10.8
483,harper,79,LR,1603747957,90,4.38,-7.72,298.61,3.99
484,olafsvik,100,IS,1603747957,73,64.89,-23.71,278.13,6.45
485,sayyan,0,YE,1603747957,39,15.17,44.32,283.23,1.55
486,yumen,100,CN,1603747958,80,40.28,97.2,271.75,0.54
487,saint-joseph,90,RE,1603747959,78,-21.37,55.62,295.15,2.1
488,merauke,94,ID,1603747959,82,-8.47,140.33,299.6,4.96
489,nampa,90,US,1603747959,24,43.54,-116.56,280.37,3.6
490,conde,20,BR,1603747959,78,-7.26,-34.91,300.15,4.1
491,san salvo,1,IT,1603747960,48,42.04,14.73,291.15,1.5
492,yarmouth,90,US,1603747660,87,41.71,-70.23,287.59,1.5
493,mbanza-ngungu,99,CD,1603747960,92,-5.25,14.87,294.64,1.45
494,chacabuco,0,AR,1603747960,38,-34.64,-60.47,293.71,1.34
495,turayf,0,SA,1603747960,20,31.67,38.66,293.15,6.2
496,namibe,75,AO,1603747961,78,-15.2,12.15,294,0.72
497,jizan,20,SA,1603747961,66,17.33,42.67,303.15,0.19
498,vincennes,0,FR,1603747898,76,48.85,2.43,283.15,4.6
499,san policarpo,100,PH,1603747962,81,12.18,125.51,299.69,2.16
500,coahuayana,75,MX,1603747963,70,18.73,-103.68,302.15,7.7
501,wazzan,,,,,,,,
502,messina,5,IT,1603747965,72,38.19,15.55,290.15,2.1
503,bereznik,95,RU,1603747966,96,62.86,42.71,271.98,4.09
504,yanam,0,IN,1603747967,90,16.73,82.22,296.99,1.42
505,funadhoo,66,MV,1603747967,77,6.15,73.27,300.93,3.44
506,ratnagiri,35,IN,1603747968,84,16.98,73.3,298.12,2.63
507,zlatoustovsk,,,,,,,,
508,hami,99,CN,1603747971,67,42.8,93.45,275.96,1.76
509,chegdomyn,97,RU,1603747972,85,51.12,133.02,271.92,0.55
510,xichang,99,CN,1603747973,72,27.9,102.26,288.79,0.47
511,bandrele,0,YT,1603747974,83,-12.91,45.19,298.15,2.6
512,marawi,100,PH,1603747975,89,8,124.29,297.04,3.13
513,chagda,,,,,,,,
514,ibipeba,100,BR,1603747977,84,-11.64,-42.01,295.54,2.62
515,norman wells,90,CA,1603747977,85,65.28,-126.83,269.15,7.7
516,yangjiang,35,CN,1603747979,86,21.85,111.97,294.18,1.83
517,yuzhno-yeniseyskiy,,,,,,,,
518,petropavlovsk-kamchatskiy,100,RU,1603747854,100,53.05,158.65,276.15,1
519,nalut,0,LY,1603747982,36,30.33,10.85,291,2.77
520,agirish,100,RU,1603747983,96,61.92,63.02,267.62,5.02
521,coihaique,40,CL,1603747984,53,-45.58,-72.07,284.15,4.6
522,olutanga,100,PH,1603747985,76,7.31,122.85,301.06,4.18
523,klyuchi,88,RU,1603747986,59,52.27,79.17,281.34,9.83
524,vagay,100,RU,1603747987,91,57.94,69.02,277.39,7.47
525,kommunar,90,RU,1603747988,87,59.62,30.39,282.15,3
526,litoral del san juan,,,,,,,,
527,taber,75,CA,1603747803,59,49.82,-112.15,274.15,6.7
528,swift current,1,CA,1603747991,54,50.28,-107.8,272.15,6.7
529,itupeva,0,BR,1603747851,39,-23.15,-47.06,302.15,3.6
530,ojinaga,1,MX,1603747992,33,29.57,-104.42,297.15,9.8
531,vikarabad,40,IN,1603747994,82,17.33,77.9,293.71,3.1
532,pacific grove,1,US,1603747909,21,36.62,-121.92,294.82,3.6
533,mahibadhoo,32,MV,1603747996,74,3.78,72.97,301.04,3.1
534,tuggurt,,,,,,,,
535,tecoanapa,100,MX,1603747998,75,16.52,-98.75,302.84,3.92
536,celestun,94,MX,1603747998,79,20.87,-90.4,301.53,5.93
537,malwan,,,,,,,,
538,te anau,60,NZ,1603747999,55,-45.42,167.72,284.61,2.43
539,nishihara,20,JP,1603748001,68,26.18,127.76,295.15,2.1
540,noumea,0,NC,1603748002,50,-22.28,166.46,299.26,3.6
541,gogrial,100,SS,1603748003,78,8.53,28.1,296.82,1.26
542,berlevag,0,NO,1603748005,86,70.86,29.09,274.15,5.1
543,brae,0,GB,1603748006,93,60.4,-1.35,282.15,1
544,quesnel,90,CA,1603747802,88,53,-122.5,273.15,5.1
545,paamiut,98,GL,1603748007,90,61.99,-49.67,273.4,13.18
546,bogorodskoye,98,RU,1603748008,87,56.55,37.88,278.53,3.3
547,nara,75,JP,1603748008,93,34.69,135.8,284.26,1
548,clovis,90,US,1603747952,31,36.83,-119.7,292.04,1.5
549,rolim de moura,,,,,,,,
550,ahuimanu,40,US,1603747959,70,21.44,-157.84,302.15,3.6
551,katangli,98,RU,1603748011,89,51.71,143.23,276.33,5.12
552,qaqortoq,97,GL,1603748012,28,60.72,-46.03,279.15,6.7
553,nurota,8,UZ,1603748013,42,40.56,65.69,280.15,2.1
554,pemba,75,MZ,1603748014,78,-12.97,40.52,299.15,3.6
555,boromo,15,BF,1603748015,23,11.75,-2.93,301.64,2.02
556,hualmay,98,PE,1603748017,74,-11.1,-77.61,292.79,3.99
557,vicente guerrero,5,MX,1603747760,20,19.12,-98.17,298.15,4.1
558,leopoldina,14,BR,1603748018,85,-21.53,-42.64,294.75,2.19
559,angra,,,,,,,,
560,traverse city,90,US,1603748006,79,44.76,-85.62,278.15,3.6
561,yabassi,67,CM,1603748019,93,4.46,9.97,296.88,0.51
562,gat,0,IL,1603748020,100,31.61,34.76,296.48,0.89
563,sigli,79,ID,1603748021,73,5.38,95.96,298.66,2.04
564,garowe,38,SO,1603748021,71,8.41,48.48,296.72,3.95
565,aksarka,64,RU,1603748021,95,66.56,67.8,257.55,3.32
566,sibolga,99,ID,1603748021,80,1.74,98.78,297.37,1.48
567,bosaso,19,SO,1603748022,65,11.28,49.18,296.05,0.18
568,bintulu,40,MY,1603748022,94,3.17,113.03,297.15,2.6
569,rungata,,,,,,,,
570,necochea,0,AR,1603748022,65,-38.55,-58.74,286.88,3.65
571,shingu,12,JP,1603747828,61,33.73,135.98,285.12,2.37
572,antofagasta,75,CL,1603747833,72,-23.65,-70.4,289.15,7.2
573,tombouctou,0,ML,1603748023,13,20,-3,304.22,2.65
574,matsanga,,,,,,,,
575,ntungamo,100,UG,1603748023,90,-0.88,29.65,292.19,1.44
576,rovaniemi,90,FI,1603748023,100,66.5,25.72,277.15,5.1
577,sorland,75,NO,1603748024,93,67.67,12.69,280.15,8.7
578,colquechaca,66,BO,1603748024,90,-18.67,-66.02,277.47,3.01
579,lichinga,0,MZ,1603748024,82,-13.31,35.24,291.15,2.6
580,sao gabriel da cachoeira,85,BR,1603748024,77,-0.13,-67.09,301.44,0.41
581,bagnols-sur-ceze,0,FR,1603748025,81,44.16,4.62,283.15,2.6
582,leh,0,IN,1603748025,68,34.17,77.58,270.65,1.92
583,geraldton,75,AU,1603747851,93,-28.77,114.6,287.15,3.34
584,waggaman,40,US,1603748026,57,29.92,-90.21,300.15,1.5
585,angoche,0,MZ,1603748027,78,-16.23,39.91,297.62,2.17
586,batemans bay,99,AU,1603748028,96,-35.72,150.18,284.82,0.89
587,dujuma,,,,,,,,
588,kinkala,69,CG,1603748029,93,-4.36,14.76,295.5,1.07
589,baykalovo,100,RU,1603748030,97,57.4,63.77,272.58,11.17
590,salta,20,AR,1603747758,27,-24.79,-65.41,299.15,5.1
591,port hawkesbury,90,CA,1603748031,68,45.62,-61.35,279.26,4.6
592,sidi ali,0,DZ,1603748033,71,36.1,0.42,287.84,4.23
593,santa maria,90,BR,1603747828,94,-29.68,-53.81,293.15,4.6
594,brookings,1,US,1603748033,68,44.31,-96.8,270.15,3.6
595,yoichi,75,JP,1603748033,100,43.2,140.77,279.15,1
596,vezirkopru,0,TR,1603748034,39,41.14,35.45,283.15,0.73
597,kjollefjord,0,NO,1603748034,83,70.95,27.35,273.15,6.7
598,emmett,87,US,1603747916,28,43.87,-116.5,280.37,2.37
599,gorodishche,0,RU,1603748034,86,48.8,44.47,277.15,2
